{
  "page": 2,
  "paragraphs": [
    {
      "text": "FinTech 15.S08"
    },
    {
      "text": "• For those wishing to explore FinTech:\n•\n•\n•\n•"
    },
    {
      "text": "•\n•\n•"
    },
    {
      "text": "How new technologies are disrupting the financial services industry\nBusiness models, products, applications and customer user interface\nAI, Deep learning, Blockchain Technology and Open API’s\nCompetitive Landscape of FinTech Startups & Big Tech vs. Big Finance"
    },
    {
      "text": "For those who wish to gain critical reasoning skills to:"
    },
    {
      "text": "Understand the ‘ground truths’ of FinTech\nConduct Business & Technology Strategic Analysis"
    },
    {
      "text": "2"
    }
  ]
}