{
  "page": 19,
  "paragraphs": [
    {
      "text": "Big Finance"
    },
    {
      "text": "Big Finance"
    },
    {
      "text": "Bank of America BlackRock"
    },
    {
      "text": "CIBC"
    },
    {
      "text": "China Construction Bank"
    },
    {
      "text": "Goldman HSBC\nTSachs"
    },
    {
      "text": "MUFG Nasdaq"
    },
    {
      "text": "® BNP PARIBAS CHASE"
    },
    {
      "text": "citi Fidelity"
    },
    {
      "text": "INVES"
    },
    {
      "text": "ICBC E3 ice NYSE"
    },
    {
      "text": "STATE STREET Vanguard 19"
    }
  ]
}