{
  "page": 18,
  "paragraphs": [
    {
      "text": "FinTech – The Actors"
    },
    {
      "text": "• Big Finance\n•"
    },
    {
      "text": "• Big Tech DNA Loop (BIS)"
    },
    {
      "text": "• Start-ups"
    },
    {
      "text": "• Official Sector"
    },
    {
      "text": ": Like Fortresses w/ Moats, Towers & Sovereign Affiliations"
    },
    {
      "text": "Towers: 1) Payments, 2) Balance Sheets, 3) Data, 4) Corporate Structure"
    },
    {
      "text": ": 1) Data, 2) Networks, 3) Activities"
    },
    {
      "text": ": 1) Disruptive Innovators, 2) Flexibility, 3) Asymmetric Risk Takers"
    },
    {
      "text": ": Goals: 1) Innovation, 2) Inclusion, 3) Financial Stability, 4)"
    },
    {
      "text": "Investor & Consumer Protection & 5) Guarding against Illicit Activities"
    },
    {
      "text": "18"
    }
  ]
}