{
  "page": 16,
  "paragraphs": [
    {
      "text": "Open API & Open Banking"
    },
    {
      "text": "•"
    },
    {
      "text": "Data into Third Party Applications\n•"
    },
    {
      "text": "Share Permissioned Bank Customer Data\n•"
    },
    {
      "text": "•\n•"
    },
    {
      "text": "Open Application Program Interfaces (Open API) allow outside\nDevelopers access to and an ability to Integrate Permissioned Customer"
    },
    {
      "text": "Open Banking initiatives facilitate or mandate Open API for Non-banks to"
    },
    {
      "text": "Policy Trade-offs of Promoting Competition & Innovation, Limiting\nCybersecurity Risks, and Maintaining Privacy & Consumer Protections\nEU Payment System Directive (PSD2), UK Open Banking Initiative, etc.\nPlus Screen Scraping, Reverse Engineering & Robotic Process Automation"
    },
    {
      "text": "16"
    }
  ]
}