{
  "page": 7,
  "paragraphs": [
    {
      "text": "Financial World"
    },
    {
      "text": "Intermediates Money and Risk"
    },
    {
      "text": "Data\n• Investing, Market Making, Marketing, Risk Management & Underwriting"
    },
    {
      "text": "Funding & Risk Management\n• Balance Sheet & Capital\n• Marketplace & Securitizations\n• Derivatives, Guarantees & Reinsurance"
    },
    {
      "text": "Risks\n• Credit; Funding; Liquidity; Market (Basis, Price, Rate, Spread, Volatility)\n• Model; Operational; Reputational / Compliance\n• Accidents; Health; Life Events; Natural Disasters; Weather"
    },
    {
      "text": "User Experience & User Interface 7"
    }
  ]
}