{
  "page": 24,
  "paragraphs": [
    {
      "text": "FinTech: Technologies"
    },
    {
      "text": "•"
    },
    {
      "text": "• Class 3 (4/6): Artificial Intelligence in Finance"
    },
    {
      "text": "• Class 4 (4/8): Open API’s & Marketing Channels"
    },
    {
      "text": "• Class 5 (4/13): Blockchain Technology & Cryptocurrencies"
    },
    {
      "text": "Class 2 (4/1): Artificial Intelligence, Machine Learning and Deep Learning"
    },
    {
      "text": "24"
    }
  ]
}