{
  "page": 12,
  "paragraphs": [
    {
      "text": "FinTech - Finance’s Fertile Ground"
    },
    {
      "text": "• Digitalization of Money, Securities and Credit\n• Vast and Expanding Amounts of Customer Data\n• Rapid Expansion of Computational & Analytical Power\n• Reliance on Multiple Systems of Ledgers\n• Wide Public Acceptance of New Tech\n• Legacy Customer Interface and Processing Systems\n• Infrastructure Systems’ Costs and Counterparty Risks\n• Economic Rents and Centralized Concentrated Risks"
    },
    {
      "text": "12"
    }
  ]
}