{
  "page": 6,
  "paragraphs": [
    {
      "text": "Financial World"
    },
    {
      "text": "Intermediates Money and Risk"
    },
    {
      "text": "• Functions •\n• Credit •\n• Investments •\n• Risk Transformation •\n• Capital Markets & •\nPrice Discovery •\n• Advice •"
    },
    {
      "text": "Sectors"
    },
    {
      "text": "Commercial Banks & Credit Unions\nAsset Managers & Investment Vehicles\nInsurance Companies & Underwriters\nInvestment Banks & Brokerage Firms\nExchanges & Clearinghouses\nFinancial Advisors"
    },
    {
      "text": "6"
    }
  ]
}