{
  "page": 15,
  "paragraphs": [
    {
      "text": "• Asset Management\n•\n•\n• Fraud Detection & Prevention\n•\n• Risk Management & Underwriting\n• Robotic Process Automation\n• Trading"
    },
    {
      "text": "AI and Machine Learning - Finance"
    },
    {
      "text": "Call Centers, Chatbots, Robo-Advising & Virtual Assistants\nCredit (& Insurance) Allocation, Extension, Pricing & Scoring"
    },
    {
      "text": "Regulatory – Anti Money Laundering, Anti Manipulation"
    },
    {
      "text": "Image by Lex Fridman. Used with permission. 15"
    }
  ]
}