{
  "page": 13,
  "paragraphs": [
    {
      "text": "•\n•\n•"
    },
    {
      "text": "•\n•"
    },
    {
      "text": "•\n•"
    },
    {
      "text": "FinTech – Disruptive Potential"
    },
    {
      "text": "AI for Managing Risks & Targeting Products\nUpdated Customer User Interface and Robo Advice\nGreater Financial Inclusion & Tailored Services\n‘Internet of Value’: Movement of Value & Micro Payments\nStreamlined Accounting, Clearing, Compliance & Processing Systems"
    },
    {
      "text": "Some Revenue Models shift to Data in exchange for Free Services\nEfficiencies & Tighter Margins in Financial Sector"
    },
    {
      "text": "13"
    }
  ]
}