{
  "page": 28,
  "paragraphs": [
    {
      "text": "•\n•\n•\n•\n•"
    },
    {
      "text": "•\n• It respects other Authors\n•"
    },
    {
      "text": "Professionalism & Academic Integrity"
    },
    {
      "text": "Success goes to those Prepared, Curious & Self Starters\nRespect & Courtesy builds Reputations, Networks & Trust\nLearning comes best to those who Listen as well as Talk\nUnderstanding Strategy and Paying Attention to Details both Matter\nStaying True to your Values is the best alternative"
    },
    {
      "text": "Avoiding Plagiarism is not just an Academic Integrity Policy"
    },
    {
      "text": "It protects one’s Grade, Job and Reputation"
    },
    {
      "text": "Be attentive, speak in class, keep your video on, and audio muted unless speaking\nProper attribution of quotes and paraphrasing is required 28"
    }
  ]
}