{
  "page": 9,
  "paragraphs": [
    {
      "text": "FinTech -"
    },
    {
      "text": "FinTech – Technologies of our Times"
    },
    {
      "text": "AI & ML AI & ML Blockchain"
    },
    {
      "text": "Biometrics Chatbots"
    },
    {
      "text": "Open API by RestCase. Used with permission.Rest of the images: © Sources unknown. All rights reserved. This content is excluded from our Creative Commons license. For more information, see"
    },
    {
      "text": "of Times"
    },
    {
      "text": "Community Third-Party Developer Extend Customer Reach"
    },
    {
      "text": "Increase Revenue"
    },
    {
      "text": "Backend Systems Open API Mobile & Web Applications Stimulate Innovation"
    },
    {
      "text": "Natural Language Open API"
    },
    {
      "text": "Possessing"
    },
    {
      "text": "Robotic Process"
    },
    {
      "text": "Cloud Automation Automation 9"
    },
    {
      "text": "https://ocw.mit.edu/help/faq-fair-use/ 6"
    }
  ]
}