{
  "page": 4,
  "paragraphs": [
    {
      "text": "Intro Class: Study Questions"
    },
    {
      "text": "• What are the major technological trends materially influencing the"
    },
    {
      "text": "provision of financial services?"
    },
    {
      "text": "• How is the competitive landscape shaping adoption of these new"
    },
    {
      "text": "technologies around the globe? How are FinTech start-ups and Big Tech\nfirms competing and cooperating with incumbents from big finance?\nHow has Big Finance reacted?"
    },
    {
      "text": "• What do you wish to achieve in this Fintech course?"
    },
    {
      "text": "4"
    }
  ]
}