{
  "page": 10,
  "paragraphs": [
    {
      "text": "Customer Interface"
    },
    {
      "text": "Automatic Teller Machines (1970s) >"
    },
    {
      "text": "Credit Cards (1940 – 50s) & Point of Sale Systems (1980s) >"
    },
    {
      "text": "Mortgage Brokerage (1890s) & Automobile Indirect Lenders (1910s) >"
    },
    {
      "text": "Electronic Payments (1870s), Wires (1910s), ACH (1970s) & Direct Deposits (1970s) >"
    },
    {
      "text": "Checks (800s), Negotiable Checks (1500s), & Preprinted Checks (1760s) >"
    },
    {
      "text": "Banking - Tents, Temples, Bricks & Mortar (4 th– 1 st millennium BCE) >"
    },
    {
      "text": "Chatbots, CI & Voice Assistants (2010s)"
    },
    {
      "text": "Open APIs (2000s) & Open Banking (2015)"
    },
    {
      "text": "Contactless & Cardless Systems (2000s) >"
    },
    {
      "text": "Mobile Payments (2000s) & Wallets (2008) >"
    },
    {
      "text": "Internet (1990s) & On-line Banking (1990s - 2000s) >"
    },
    {
      "text": "10"
    }
  ]
}