{
  "page": 3,
  "paragraphs": [
    {
      "text": "Intro Class: Readings"
    },
    {
      "text": "• 'The economic forces driving fintech adoption across countries'"
    },
    {
      "text": "Frost, BIS Working Papers"
    },
    {
      "text": "• 'FinTech and market structure in financial services'"
    },
    {
      "text": "Board"
    },
    {
      "text": "• 'The Future of Banking'"
    },
    {
      "text": "Jon"
    },
    {
      "text": "Financial Stability"
    },
    {
      "text": "FDIC Chair Jelena McWilliams"
    },
    {
      "text": "3"
    }
  ]
}