{
  "page": 27,
  "paragraphs": [
    {
      "text": "Assignments\n• Group Research Paper (3000 – 3600 words due 5/11)\n•\n• To CEO of B of A, Amazon, or Andreessen Horowitz\n• Teams required to be Formed and Sector Selected by 4/8"
    },
    {
      "text": "• Individual Business Write-up (900 – 1200 words due 4/24)\n• Each student individually addresses 1 of the following:\n•"
    },
    {
      "text": "• Class Participation"
    },
    {
      "text": "40%"
    },
    {
      "text": "Recommended business and technology strategy within a particular sector"
    },
    {
      "text": "30%"
    },
    {
      "text": "a) overall market analysis, b) technology trend analysis, c) traditional\ncompetitor analysis, & d) big tech & fintech disrupter competitive analysis"
    },
    {
      "text": "30%"
    },
    {
      "text": "27"
    }
  ]
}