{
  "page": 11,
  "paragraphs": [
    {
      "text": "Funding & Risk Management"
    },
    {
      "text": "Consumer Credit Scoring (1960s) & FICO Scores (1990s) >"
    },
    {
      "text": "Consumer Finance Companies & Warehouse Lines of Credit (1920s) >"
    },
    {
      "text": "Private (1880s, 1950s), Government (1930s) & GSEs (1930s) Mortgage Insurance >"
    },
    {
      "text": "Bankruptcy & Secured Lending Laws, Loan Servicing & Collection Agents (Days of old) >"
    },
    {
      "text": "Bank Deposits - (Antiquity) >"
    },
    {
      "text": "ML Based Underwriting (2010s) >"
    },
    {
      "text": "Peer to Peer Lending (2005) >"
    },
    {
      "text": "Credit Default Swaps (1990s) >"
    },
    {
      "text": "Asset Backed Securitizations (1970s – 90s) >"
    },
    {
      "text": "Interest Rate Futures (1970s) & Interest Rate Swaps (1980s) >"
    },
    {
      "text": "11"
    }
  ]
}